word/phrase,rank,sub
best,1.5495196981027595,Wiper blade Aerotwin Retro
good,1.337002893502654,Wiper blade Aerotwin Retro
delivery,1.056621534536842,Wiper blade Aerotwin Retro
fast,0.8763425388943136,Wiper blade Aerotwin Retro
seller,0.8374735614828113,Wiper blade Aerotwin Retro
wiper,0.8222414316685471,Wiper blade Aerotwin Retro
satisfied,0.7085740168763677,Wiper blade Aerotwin Retro
fast delivery,0.6854802346159653,Wiper blade Aerotwin Retro
product,0.6814735939002217,Wiper blade Aerotwin Retro
best satisfied,0.6293299633690614,Wiper blade Aerotwin Retro
quality,0.5573501933951703,Wiper blade Aerotwin Retro
packed,0.5087438904367955,Wiper blade Aerotwin Retro
nice,0.506703253987668,Wiper blade Aerotwin Retro
fit civic,0.48960923225910036,Wiper blade Aerotwin Retro
fit,0.48960923225910036,Wiper blade Aerotwin Retro
civic,0.48960923225910036,Wiper blade Aerotwin Retro
fb,0.48960923225910036,Wiper blade Aerotwin Retro
stuff,0.4877934438961271,Wiper blade Aerotwin Retro
items,0.4490728951947664,Wiper blade Aerotwin Retro
received,0.4490728951947664,Wiper blade Aerotwin Retro
packaging,0.42748559346320797,Wiper blade Aerotwin Retro
good item,0.4152018093372993,Wiper blade Aerotwin Retro
lajuuuuu,0.4152018093372993,Wiper blade Aerotwin Retro
lajuuuuu delivery,0.4152018093372993,Wiper blade Aerotwin Retro
delivery good,0.4152018093372993,Wiper blade Aerotwin Retro
item,0.4152018093372993,Wiper blade Aerotwin Retro
wiper better,0.36862654513129145,Wiper blade Aerotwin Retro
better product,0.36862654513129145,Wiper blade Aerotwin Retro
better,0.36862654513129145,Wiper blade Aerotwin Retro
quality wiper,0.36862654513129145,Wiper blade Aerotwin Retro
good quality,0.36862654513129145,Wiper blade Aerotwin Retro
order,0.3643095923697634,Wiper blade Aerotwin Retro
deliveryfast,0.353158310094985,Wiper blade Aerotwin Retro
deliveryfast chat,0.353158310094985,Wiper blade Aerotwin Retro
fast deliveryfast,0.353158310094985,Wiper blade Aerotwin Retro
respondtrusted seller,0.353158310094985,Wiper blade Aerotwin Retro
chat,0.353158310094985,Wiper blade Aerotwin Retro
chat respondtrusted,0.353158310094985,Wiper blade Aerotwin Retro
respondtrusted,0.353158310094985,Wiper blade Aerotwin Retro
conditions,0.34405175743944727,Wiper blade Aerotwin Retro
items received,0.34405175743944727,Wiper blade Aerotwin Retro
good conditions,0.34405175743944727,Wiper blade Aerotwin Retro
conditions fast,0.34405175743944727,Wiper blade Aerotwin Retro
received good,0.34405175743944727,Wiper blade Aerotwin Retro
thank,0.34073166725559717,Wiper blade Aerotwin Retro
wiper cun,0.34073166725559717,Wiper blade Aerotwin Retro
nobility thank,0.34073166725559717,Wiper blade Aerotwin Retro
nobility,0.34073166725559717,Wiper blade Aerotwin Retro
cun,0.34073166725559717,Wiper blade Aerotwin Retro
taste,0.34073166725559717,Wiper blade Aerotwin Retro
cun taste,0.34073166725559717,Wiper blade Aerotwin Retro
taste nobility,0.34073166725559717,Wiper blade Aerotwin Retro
takde,0.3404857410065679,Wiper blade Aerotwin Retro
havent,0.33782150761775,Wiper blade Aerotwin Retro
packed pretty,0.33782150761775,Wiper blade Aerotwin Retro
pretty havent,0.33782150761775,Wiper blade Aerotwin Retro
pretty,0.33782150761775,Wiper blade Aerotwin Retro
expected,0.33782150761775,Wiper blade Aerotwin Retro
tested expected,0.33782150761775,Wiper blade Aerotwin Retro
tested,0.33782150761775,Wiper blade Aerotwin Retro
havent tested,0.33782150761775,Wiper blade Aerotwin Retro
packaging great,0.3193291936171435,Wiper blade Aerotwin Retro
proper packaging,0.3193291936171435,Wiper blade Aerotwin Retro
great product,0.3193291936171435,Wiper blade Aerotwin Retro
great,0.3193291936171435,Wiper blade Aerotwin Retro
delivery proper,0.3193291936171435,Wiper blade Aerotwin Retro
quick,0.3193291936171435,Wiper blade Aerotwin Retro
proper,0.3193291936171435,Wiper blade Aerotwin Retro
quick delivery,0.3193291936171435,Wiper blade Aerotwin Retro
windscreen,0.3077073565255223,Wiper blade Aerotwin Retro
hybrid fb,0.29393104317754265,Wiper blade Aerotwin Retro
nice stuff,0.29393104317754265,Wiper blade Aerotwin Retro
stuff fit,0.29393104317754265,Wiper blade Aerotwin Retro
thanks,0.29393104317754265,Wiper blade Aerotwin Retro
civic hybrid,0.29393104317754265,Wiper blade Aerotwin Retro
fb thanks,0.29393104317754265,Wiper blade Aerotwin Retro
hybrid,0.29393104317754265,Wiper blade Aerotwin Retro
trusted seller,0.28636396967095495,Wiper blade Aerotwin Retro
nice packing,0.28636396967095495,Wiper blade Aerotwin Retro
service,0.28636396967095495,Wiper blade Aerotwin Retro
delivery trusted,0.28636396967095495,Wiper blade Aerotwin Retro
trusted,0.28636396967095495,Wiper blade Aerotwin Retro
service nice,0.28636396967095495,Wiper blade Aerotwin Retro
packing fast,0.28636396967095495,Wiper blade Aerotwin Retro
packing,0.28636396967095495,Wiper blade Aerotwin Retro
good service,0.28636396967095495,Wiper blade Aerotwin Retro
quality notch,0.26967118651349975,Wiper blade Aerotwin Retro
pair quality,0.26967118651349975,Wiper blade Aerotwin Retro
pair,0.26967118651349975,Wiper blade Aerotwin Retro
notch,0.26967118651349975,Wiper blade Aerotwin Retro
seller good,0.26967118651349975,Wiper blade Aerotwin Retro
good pair,0.26967118651349975,Wiper blade Aerotwin Retro
beautiful,0.26967118651349975,Wiper blade Aerotwin Retro
beautiful good,0.26967118651349975,Wiper blade Aerotwin Retro
friendly,0.26967118651349975,Wiper blade Aerotwin Retro
friendly beautiful,0.26967118651349975,Wiper blade Aerotwin Retro
good friendly,0.26967118651349975,Wiper blade Aerotwin Retro
shop,0.26678727368460337,Wiper blade Aerotwin Retro
cheaper,0.26678727368460337,Wiper blade Aerotwin Retro
reasonable cheaper,0.26678727368460337,Wiper blade Aerotwin Retro
reasonable,0.26678727368460337,Wiper blade Aerotwin Retro
cheaper online,0.26678727368460337,Wiper blade Aerotwin Retro
civic fb,0.26678727368460337,Wiper blade Aerotwin Retro
fb price,0.26678727368460337,Wiper blade Aerotwin Retro
price,0.26678727368460337,Wiper blade Aerotwin Retro
price reasonable,0.26678727368460337,Wiper blade Aerotwin Retro
online,0.26678727368460337,Wiper blade Aerotwin Retro
online shop,0.26678727368460337,Wiper blade Aerotwin Retro
tq seller,0.26470776674808905,Wiper blade Aerotwin Retro
seller shopee,0.26470776674808905,Wiper blade Aerotwin Retro
arrived,0.26470776674808905,Wiper blade Aerotwin Retro
arrived stuff,0.26470776674808905,Wiper blade Aerotwin Retro
lg tq,0.26470776674808905,Wiper blade Aerotwin Retro
lg,0.26470776674808905,Wiper blade Aerotwin Retro
shopee,0.26470776674808905,Wiper blade Aerotwin Retro
stuff check,0.26470776674808905,Wiper blade Aerotwin Retro
goods arrived,0.26470776674808905,Wiper blade Aerotwin Retro
check lg,0.26470776674808905,Wiper blade Aerotwin Retro
check,0.26470776674808905,Wiper blade Aerotwin Retro
goods,0.26470776674808905,Wiper blade Aerotwin Retro
tq,0.26470776674808905,Wiper blade Aerotwin Retro
nicely packed,0.2448105163810536,Wiper blade Aerotwin Retro
timing rainy,0.2448105163810536,Wiper blade Aerotwin Retro
perfect,0.2448105163810536,Wiper blade Aerotwin Retro
timing,0.2448105163810536,Wiper blade Aerotwin Retro
perfect good,0.2448105163810536,Wiper blade Aerotwin Retro
delivery installed,0.2448105163810536,Wiper blade Aerotwin Retro
good timing,0.2448105163810536,Wiper blade Aerotwin Retro
rainy season,0.2448105163810536,Wiper blade Aerotwin Retro
rainy,0.2448105163810536,Wiper blade Aerotwin Retro
installed,0.2448105163810536,Wiper blade Aerotwin Retro
nicely,0.2448105163810536,Wiper blade Aerotwin Retro
installed perfect,0.2448105163810536,Wiper blade Aerotwin Retro
season,0.2448105163810536,Wiper blade Aerotwin Retro
packed fast,0.2448105163810536,Wiper blade Aerotwin Retro
wipers smoothest,0.1821547961848817,Wiper blade Aerotwin Retro
wiping,0.1821547961848817,Wiper blade Aerotwin Retro
smoothest juddering,0.1821547961848817,Wiper blade Aerotwin Retro
smooth,0.1821547961848817,Wiper blade Aerotwin Retro
smoothest,0.1821547961848817,Wiper blade Aerotwin Retro
smooth wiping,0.1821547961848817,Wiper blade Aerotwin Retro
windscreen far,0.1821547961848817,Wiper blade Aerotwin Retro
wipers,0.1821547961848817,Wiper blade Aerotwin Retro
aerotwin,0.1821547961848817,Wiper blade Aerotwin Retro
satisfied order,0.1821547961848817,Wiper blade Aerotwin Retro
aerotwin wipers,0.1821547961848817,Wiper blade Aerotwin Retro
awesome,0.1821547961848817,Wiper blade Aerotwin Retro
awesome product,0.1821547961848817,Wiper blade Aerotwin Retro
bosch,0.1821547961848817,Wiper blade Aerotwin Retro
bosch aerotwin,0.1821547961848817,Wiper blade Aerotwin Retro
far,0.1821547961848817,Wiper blade Aerotwin Retro
far bosch,0.1821547961848817,Wiper blade Aerotwin Retro
juddering,0.1821547961848817,Wiper blade Aerotwin Retro
juddering satisfied,0.1821547961848817,Wiper blade Aerotwin Retro
wiping windscreen,0.1821547961848817,Wiper blade Aerotwin Retro
product smooth,0.1821547961848817,Wiper blade Aerotwin Retro
repeat order,0.1821547961848817,Wiper blade Aerotwin Retro
repeat,0.1821547961848817,Wiper blade Aerotwin Retro
order repeat,0.1821547961848817,Wiper blade Aerotwin Retro
old,0.17024287050328396,Wiper blade Aerotwin Retro
simple,0.17024287050328396,Wiper blade Aerotwin Retro
wiper windscreen,0.17024287050328396,Wiper blade Aerotwin Retro
wiper takde,0.17024287050328396,Wiper blade Aerotwin Retro
simple changing,0.17024287050328396,Wiper blade Aerotwin Retro
changing,0.17024287050328396,Wiper blade Aerotwin Retro
changing wiper,0.17024287050328396,Wiper blade Aerotwin Retro
windscreen keeps,0.17024287050328396,Wiper blade Aerotwin Retro
clean,0.17024287050328396,Wiper blade Aerotwin Retro
clean takde,0.17024287050328396,Wiper blade Aerotwin Retro
received items,0.17024287050328396,Wiper blade Aerotwin Retro
install,0.17024287050328396,Wiper blade Aerotwin Retro
okay install,0.17024287050328396,Wiper blade Aerotwin Retro
install simple,0.17024287050328396,Wiper blade Aerotwin Retro
items packaging,0.17024287050328396,Wiper blade Aerotwin Retro
packaging okay,0.17024287050328396,Wiper blade Aerotwin Retro
sangkut,0.17024287050328396,Wiper blade Aerotwin Retro
keeps clean,0.17024287050328396,Wiper blade Aerotwin Retro
mcm,0.17024287050328396,Wiper blade Aerotwin Retro
mcm old,0.17024287050328396,Wiper blade Aerotwin Retro
old wiper,0.17024287050328396,Wiper blade Aerotwin Retro
takde sangkut,0.17024287050328396,Wiper blade Aerotwin Retro
takde mcm,0.17024287050328396,Wiper blade Aerotwin Retro
okay,0.17024287050328396,Wiper blade Aerotwin Retro
keeps,0.17024287050328396,Wiper blade Aerotwin Retro
